pg_proc,1,proname,name
pg_proc,2,pronamespace,oid
pg_proc,3,proowner,oid
pg_proc,4,prolang,oid
pg_proc,5,procost,real
pg_proc,6,prorows,real
pg_proc,7,provariadic,oid
pg_proc,8,protransform,regproc
pg_proc,9,proisagg,boolean
pg_proc,10,proiswindow,boolean
pg_proc,11,prosecdef,boolean
pg_proc,12,proleakproof,boolean
pg_proc,13,proisstrict,boolean
pg_proc,14,proretset,boolean
pg_proc,15,provolatile,"""char"""
pg_proc,16,pronargs,smallint
pg_proc,17,pronargdefaults,smallint
pg_proc,18,prorettype,oid
pg_proc,19,proargtypes,ARRAY
pg_proc,20,proallargtypes,ARRAY
pg_proc,21,proargmodes,ARRAY
pg_proc,22,proargnames,ARRAY
pg_proc,23,proargdefaults,pg_node_tree
pg_proc,24,protrftypes,ARRAY
pg_proc,25,prosrc,text
pg_proc,26,probin,text
pg_proc,27,proconfig,ARRAY
pg_proc,28,proacl,ARRAY
pg_type,1,typname,name
pg_type,2,typnamespace,oid
pg_type,3,typowner,oid
pg_type,4,typlen,smallint
pg_type,5,typbyval,boolean
pg_type,6,typtype,"""char"""
pg_type,7,typcategory,"""char"""
pg_type,8,typispreferred,boolean
pg_type,9,typisdefined,boolean
pg_type,10,typdelim,"""char"""
pg_type,11,typrelid,oid
pg_type,12,typelem,oid
pg_type,13,typarray,oid
pg_type,14,typinput,regproc
pg_type,15,typoutput,regproc
pg_type,16,typreceive,regproc
pg_type,17,typsend,regproc
pg_type,18,typmodin,regproc
pg_type,19,typmodout,regproc
pg_type,20,typanalyze,regproc
pg_type,21,typalign,"""char"""
pg_type,22,typstorage,"""char"""
pg_type,23,typnotnull,boolean
pg_type,24,typbasetype,oid
pg_type,25,typtypmod,integer
pg_type,26,typndims,integer
pg_type,27,typcollation,oid
pg_type,28,typdefaultbin,pg_node_tree
pg_type,29,typdefault,text
pg_type,30,typacl,ARRAY
pg_attribute,1,attrelid,oid
pg_attribute,2,attname,name
pg_attribute,3,atttypid,oid
pg_attribute,4,attstattarget,integer
pg_attribute,5,attlen,smallint
pg_attribute,6,attnum,smallint
pg_attribute,7,attndims,integer
pg_attribute,8,attcacheoff,integer
pg_attribute,9,atttypmod,integer
pg_attribute,10,attbyval,boolean
pg_attribute,11,attstorage,"""char"""
pg_attribute,12,attalign,"""char"""
pg_attribute,13,attnotnull,boolean
pg_attribute,14,atthasdef,boolean
pg_attribute,15,attisdropped,boolean
pg_attribute,16,attislocal,boolean
pg_attribute,17,attinhcount,integer
pg_attribute,18,attcollation,oid
pg_attribute,19,attacl,ARRAY
pg_attribute,20,attoptions,ARRAY
pg_attribute,21,attfdwoptions,ARRAY
pg_class,1,relname,name
pg_class,2,relnamespace,oid
pg_class,3,reltype,oid
pg_class,4,reloftype,oid
pg_class,5,relowner,oid
pg_class,6,relam,oid
pg_class,7,relfilenode,oid
pg_class,8,reltablespace,oid
pg_class,9,relpages,integer
pg_class,10,reltuples,real
pg_class,11,relallvisible,integer
pg_class,12,reltoastrelid,oid
pg_class,13,relhasindex,boolean
pg_class,14,relisshared,boolean
pg_class,15,relpersistence,"""char"""
pg_class,16,relkind,"""char"""
pg_class,17,relnatts,smallint
pg_class,18,relchecks,smallint
pg_class,19,relhasoids,boolean
pg_class,20,relhaspkey,boolean
pg_class,21,relhasrules,boolean
pg_class,22,relhastriggers,boolean
pg_class,23,relhassubclass,boolean
pg_class,24,relrowsecurity,boolean
pg_class,25,relforcerowsecurity,boolean
pg_class,26,relispopulated,boolean
pg_class,27,relreplident,"""char"""
pg_class,28,relfrozenxid,xid
pg_class,29,relminmxid,xid
pg_class,30,relacl,ARRAY
pg_class,31,reloptions,ARRAY
pg_attrdef,1,adrelid,oid
pg_attrdef,2,adnum,smallint
pg_attrdef,3,adbin,pg_node_tree
pg_attrdef,4,adsrc,text
pg_constraint,1,conname,name
pg_constraint,2,connamespace,oid
pg_constraint,3,contype,"""char"""
pg_constraint,4,condeferrable,boolean
pg_constraint,5,condeferred,boolean
pg_constraint,6,convalidated,boolean
pg_constraint,7,conrelid,oid
pg_constraint,8,contypid,oid
pg_constraint,9,conindid,oid
pg_constraint,10,confrelid,oid
pg_constraint,11,confupdtype,"""char"""
pg_constraint,12,confdeltype,"""char"""
pg_constraint,13,confmatchtype,"""char"""
pg_constraint,14,conislocal,boolean
pg_constraint,15,coninhcount,integer
pg_constraint,16,connoinherit,boolean
pg_constraint,17,conkey,ARRAY
pg_constraint,18,confkey,ARRAY
pg_constraint,19,conpfeqop,ARRAY
pg_constraint,20,conppeqop,ARRAY
pg_constraint,21,conffeqop,ARRAY
pg_constraint,22,conexclop,ARRAY
pg_constraint,23,conbin,pg_node_tree
pg_constraint,24,consrc,text
pg_inherits,1,inhrelid,oid
pg_inherits,2,inhparent,oid
pg_inherits,3,inhseqno,integer
pg_index,1,indexrelid,oid
pg_index,2,indrelid,oid
pg_index,3,indnatts,smallint
pg_index,4,indisunique,boolean
pg_index,5,indisprimary,boolean
pg_index,6,indisexclusion,boolean
pg_index,7,indimmediate,boolean
pg_index,8,indisclustered,boolean
pg_index,9,indisvalid,boolean
pg_index,10,indcheckxmin,boolean
pg_index,11,indisready,boolean
pg_index,12,indislive,boolean
pg_index,13,indisreplident,boolean
pg_index,14,indkey,ARRAY
pg_index,15,indcollation,ARRAY
pg_index,16,indclass,ARRAY
pg_index,17,indoption,ARRAY
pg_index,18,indexprs,pg_node_tree
pg_index,19,indpred,pg_node_tree
pg_operator,1,oprname,name
pg_operator,2,oprnamespace,oid
pg_operator,3,oprowner,oid
pg_operator,4,oprkind,"""char"""
pg_operator,5,oprcanmerge,boolean
pg_operator,6,oprcanhash,boolean
pg_operator,7,oprleft,oid
pg_operator,8,oprright,oid
pg_operator,9,oprresult,oid
pg_operator,10,oprcom,oid
pg_operator,11,oprnegate,oid
pg_operator,12,oprcode,regproc
pg_operator,13,oprrest,regproc
pg_operator,14,oprjoin,regproc
pg_opfamily,1,opfmethod,oid
pg_opfamily,2,opfname,name
pg_opfamily,3,opfnamespace,oid
pg_opfamily,4,opfowner,oid
pg_opclass,1,opcmethod,oid
pg_opclass,2,opcname,name
pg_opclass,3,opcnamespace,oid
pg_opclass,4,opcowner,oid
pg_opclass,5,opcfamily,oid
pg_opclass,6,opcintype,oid
pg_opclass,7,opcdefault,boolean
pg_opclass,8,opckeytype,oid
pg_am,1,amname,name
pg_am,2,amstrategies,smallint
pg_am,3,amsupport,smallint
pg_am,4,amcanorder,boolean
pg_am,5,amcanorderbyop,boolean
pg_am,6,amcanbackward,boolean
pg_am,7,amcanunique,boolean
pg_am,8,amcanmulticol,boolean
pg_am,9,amoptionalkey,boolean
pg_am,10,amsearcharray,boolean
pg_am,11,amsearchnulls,boolean
pg_am,12,amstorage,boolean
pg_am,13,amclusterable,boolean
pg_am,14,ampredlocks,boolean
pg_am,15,amkeytype,oid
pg_am,16,aminsert,regproc
pg_am,17,ambeginscan,regproc
pg_am,18,amgettuple,regproc
pg_am,19,amgetbitmap,regproc
pg_am,20,amrescan,regproc
pg_am,21,amendscan,regproc
pg_am,22,ammarkpos,regproc
pg_am,23,amrestrpos,regproc
pg_am,24,ambuild,regproc
pg_am,25,ambuildempty,regproc
pg_am,26,ambulkdelete,regproc
pg_am,27,amvacuumcleanup,regproc
pg_am,28,amcanreturn,regproc
pg_am,29,amcostestimate,regproc
pg_am,30,amoptions,regproc
pg_amop,1,amopfamily,oid
pg_amop,2,amoplefttype,oid
pg_amop,3,amoprighttype,oid
pg_amop,4,amopstrategy,smallint
pg_amop,5,amoppurpose,"""char"""
pg_amop,6,amopopr,oid
pg_amop,7,amopmethod,oid
pg_amop,8,amopsortfamily,oid
pg_amproc,1,amprocfamily,oid
pg_amproc,2,amproclefttype,oid
pg_amproc,3,amprocrighttype,oid
pg_amproc,4,amprocnum,smallint
pg_amproc,5,amproc,regproc
pg_language,1,lanname,name
pg_language,2,lanowner,oid
pg_language,3,lanispl,boolean
pg_language,4,lanpltrusted,boolean
pg_language,5,lanplcallfoid,oid
pg_language,6,laninline,oid
pg_language,7,lanvalidator,oid
pg_language,8,lanacl,ARRAY
pg_largeobject_metadata,1,lomowner,oid
pg_largeobject_metadata,2,lomacl,ARRAY
pg_largeobject,1,loid,oid
pg_largeobject,2,pageno,integer
pg_largeobject,3,data,bytea
pg_aggregate,1,aggfnoid,regproc
pg_aggregate,2,aggkind,"""char"""
pg_aggregate,3,aggnumdirectargs,smallint
pg_aggregate,4,aggtransfn,regproc
pg_aggregate,5,aggfinalfn,regproc
pg_aggregate,6,aggmtransfn,regproc
pg_aggregate,7,aggminvtransfn,regproc
pg_aggregate,8,aggmfinalfn,regproc
pg_aggregate,9,aggfinalextra,boolean
pg_aggregate,10,aggmfinalextra,boolean
pg_aggregate,11,aggsortop,oid
pg_aggregate,12,aggtranstype,oid
pg_aggregate,13,aggtransspace,integer
pg_aggregate,14,aggmtranstype,oid
pg_aggregate,15,aggmtransspace,integer
pg_aggregate,16,agginitval,text
pg_aggregate,17,aggminitval,text
pg_statistic,1,starelid,oid
pg_statistic,2,staattnum,smallint
pg_statistic,3,stainherit,boolean
pg_statistic,4,stanullfrac,real
pg_statistic,5,stawidth,integer
pg_statistic,6,stadistinct,real
pg_statistic,7,stakind1,smallint
pg_statistic,8,stakind2,smallint
pg_statistic,9,stakind3,smallint
pg_statistic,10,stakind4,smallint
pg_statistic,11,stakind5,smallint
pg_statistic,12,staop1,oid
pg_statistic,13,staop2,oid
pg_statistic,14,staop3,oid
pg_statistic,15,staop4,oid
pg_statistic,16,staop5,oid
pg_statistic,17,stanumbers1,ARRAY
pg_statistic,18,stanumbers2,ARRAY
pg_statistic,19,stanumbers3,ARRAY
pg_statistic,20,stanumbers4,ARRAY
pg_statistic,21,stanumbers5,ARRAY
pg_statistic,22,stavalues1,anyarray
pg_statistic,23,stavalues2,anyarray
pg_statistic,24,stavalues3,anyarray
pg_statistic,25,stavalues4,anyarray
pg_statistic,26,stavalues5,anyarray
pg_rewrite,1,rulename,name
pg_rewrite,2,ev_class,oid
pg_rewrite,3,ev_type,"""char"""
pg_rewrite,4,ev_enabled,"""char"""
pg_rewrite,5,is_instead,boolean
pg_rewrite,6,ev_qual,pg_node_tree
pg_rewrite,7,ev_action,pg_node_tree
pg_trigger,1,tgrelid,oid
pg_trigger,2,tgname,name
pg_trigger,3,tgfoid,oid
pg_trigger,4,tgtype,smallint
pg_trigger,5,tgenabled,"""char"""
pg_trigger,6,tgisinternal,boolean
pg_trigger,7,tgconstrrelid,oid
pg_trigger,8,tgconstrindid,oid
pg_trigger,9,tgconstraint,oid
pg_trigger,10,tgdeferrable,boolean
pg_trigger,11,tginitdeferred,boolean
pg_trigger,12,tgnargs,smallint
pg_trigger,13,tgattr,ARRAY
pg_trigger,14,tgargs,bytea
pg_trigger,15,tgqual,pg_node_tree
pg_event_trigger,1,evtname,name
pg_event_trigger,2,evtevent,name
pg_event_trigger,3,evtowner,oid
pg_event_trigger,4,evtfoid,oid
pg_event_trigger,5,evtenabled,"""char"""
pg_event_trigger,6,evttags,ARRAY
pg_description,1,objoid,oid
pg_description,2,classoid,oid
pg_description,3,objsubid,integer
pg_description,4,description,text
pg_cast,1,castsource,oid
pg_cast,2,casttarget,oid
pg_cast,3,castfunc,oid
pg_cast,4,castcontext,"""char"""
pg_cast,5,castmethod,"""char"""
pg_enum,1,enumtypid,oid
pg_enum,2,enumsortorder,real
pg_enum,3,enumlabel,name
pg_namespace,1,nspname,name
pg_namespace,2,nspowner,oid
pg_namespace,3,nspacl,ARRAY
pg_conversion,1,conname,name
pg_conversion,2,connamespace,oid
pg_conversion,3,conowner,oid
pg_conversion,4,conforencoding,integer
pg_conversion,5,contoencoding,integer
pg_conversion,6,conproc,regproc
pg_conversion,7,condefault,boolean
pg_depend,1,classid,oid
pg_depend,2,objid,oid
pg_depend,3,objsubid,integer
pg_depend,4,refclassid,oid
pg_depend,5,refobjid,oid
pg_depend,6,refobjsubid,integer
pg_depend,7,deptype,"""char"""
pg_database,1,datname,name
pg_database,2,datdba,oid
pg_database,3,encoding,integer
pg_database,4,datcollate,name
pg_database,5,datctype,name
pg_database,6,datistemplate,boolean
pg_database,7,datallowconn,boolean
pg_database,8,datconnlimit,integer
pg_database,9,datlastsysoid,oid
pg_database,10,datfrozenxid,xid
pg_database,11,datminmxid,xid
pg_database,12,dattablespace,oid
pg_database,13,datacl,ARRAY
pg_db_role_setting,1,setdatabase,oid
pg_db_role_setting,2,setrole,oid
pg_db_role_setting,3,setconfig,ARRAY
pg_tablespace,1,spcname,name
pg_tablespace,2,spcowner,oid
pg_tablespace,3,spcacl,ARRAY
pg_tablespace,4,spcoptions,ARRAY
pg_pltemplate,1,tmplname,name
pg_pltemplate,2,tmpltrusted,boolean
pg_pltemplate,3,tmpldbacreate,boolean
pg_pltemplate,4,tmplhandler,text
pg_pltemplate,5,tmplinline,text
pg_pltemplate,6,tmplvalidator,text
pg_pltemplate,7,tmpllibrary,text
pg_pltemplate,8,tmplacl,ARRAY
pg_authid,1,rolname,name
pg_authid,2,rolsuper,boolean
pg_authid,3,rolinherit,boolean
pg_authid,4,rolcreaterole,boolean
pg_authid,5,rolcreatedb,boolean
pg_authid,6,rolcanlogin,boolean
pg_authid,7,rolreplication,boolean
pg_authid,8,rolbypassrls,boolean
pg_authid,9,rolconnlimit,integer
pg_authid,10,rolpassword,text
pg_authid,11,rolvaliduntil,timestamp with time zone
pg_auth_members,1,roleid,oid
pg_auth_members,2,member,oid
pg_auth_members,3,grantor,oid
pg_auth_members,4,admin_option,boolean
pg_shdepend,1,dbid,oid
pg_shdepend,2,classid,oid
pg_shdepend,3,objid,oid
pg_shdepend,4,objsubid,integer
pg_shdepend,5,refclassid,oid
pg_shdepend,6,refobjid,oid
pg_shdepend,7,deptype,"""char"""
pg_shdescription,1,objoid,oid
pg_shdescription,2,classoid,oid
pg_shdescription,3,description,text
pg_ts_config,1,cfgname,name
pg_ts_config,2,cfgnamespace,oid
pg_ts_config,3,cfgowner,oid
pg_ts_config,4,cfgparser,oid
pg_ts_config_map,1,mapcfg,oid
pg_ts_config_map,2,maptokentype,integer
pg_ts_config_map,3,mapseqno,integer
pg_ts_config_map,4,mapdict,oid
pg_ts_dict,1,dictname,name
pg_ts_dict,2,dictnamespace,oid
pg_ts_dict,3,dictowner,oid
pg_ts_dict,4,dicttemplate,oid
pg_ts_dict,5,dictinitoption,text
pg_ts_parser,1,prsname,name
pg_ts_parser,2,prsnamespace,oid
pg_ts_parser,3,prsstart,regproc
pg_ts_parser,4,prstoken,regproc
pg_ts_parser,5,prsend,regproc
pg_ts_parser,6,prsheadline,regproc
pg_ts_parser,7,prslextype,regproc
pg_ts_template,1,tmplname,name
pg_ts_template,2,tmplnamespace,oid
pg_ts_template,3,tmplinit,regproc
pg_ts_template,4,tmpllexize,regproc
pg_extension,1,extname,name
pg_extension,2,extowner,oid
pg_extension,3,extnamespace,oid
pg_extension,4,extrelocatable,boolean
pg_extension,5,extversion,text
pg_extension,6,extconfig,ARRAY
pg_extension,7,extcondition,ARRAY
pg_foreign_data_wrapper,1,fdwname,name
pg_foreign_data_wrapper,2,fdwowner,oid
pg_foreign_data_wrapper,3,fdwhandler,oid
pg_foreign_data_wrapper,4,fdwvalidator,oid
pg_foreign_data_wrapper,5,fdwacl,ARRAY
pg_foreign_data_wrapper,6,fdwoptions,ARRAY
pg_foreign_server,1,srvname,name
pg_foreign_server,2,srvowner,oid
pg_foreign_server,3,srvfdw,oid
pg_foreign_server,4,srvtype,text
pg_foreign_server,5,srvversion,text
pg_foreign_server,6,srvacl,ARRAY
pg_foreign_server,7,srvoptions,ARRAY
pg_user_mapping,1,umuser,oid
pg_user_mapping,2,umserver,oid
pg_user_mapping,3,umoptions,ARRAY
pg_foreign_table,1,ftrelid,oid
pg_foreign_table,2,ftserver,oid
pg_foreign_table,3,ftoptions,ARRAY
pg_policy,1,polname,name
pg_policy,2,polrelid,oid
pg_policy,3,polcmd,"""char"""
pg_policy,4,polroles,ARRAY
pg_policy,5,polqual,pg_node_tree
pg_policy,6,polwithcheck,pg_node_tree
pg_replication_origin,1,roident,oid
pg_replication_origin,2,roname,text
pg_default_acl,1,defaclrole,oid
pg_default_acl,2,defaclnamespace,oid
pg_default_acl,3,defaclobjtype,"""char"""
pg_default_acl,4,defaclacl,ARRAY
pg_seclabel,1,objoid,oid
pg_seclabel,2,classoid,oid
pg_seclabel,3,objsubid,integer
pg_seclabel,4,provider,text
pg_seclabel,5,label,text
pg_shseclabel,1,objoid,oid
pg_shseclabel,2,classoid,oid
pg_shseclabel,3,provider,text
pg_shseclabel,4,label,text
pg_collation,1,collname,name
pg_collation,2,collnamespace,oid
pg_collation,3,collowner,oid
pg_collation,4,collencoding,integer
pg_collation,5,collcollate,name
pg_collation,6,collctype,name
pg_range,1,rngtypid,oid
pg_range,2,rngsubtype,oid
pg_range,3,rngcollation,oid
pg_range,4,rngsubopc,oid
pg_range,5,rngcanonical,regproc
pg_range,6,rngsubdiff,regproc
pg_transform,1,trftype,oid
pg_transform,2,trflang,oid
pg_transform,3,trffromsql,regproc
pg_transform,4,trftosql,regproc
pg_roles,1,rolname,name
pg_roles,2,rolsuper,boolean
pg_roles,3,rolinherit,boolean
pg_roles,4,rolcreaterole,boolean
pg_roles,5,rolcreatedb,boolean
pg_roles,6,rolcanlogin,boolean
pg_roles,7,rolreplication,boolean
pg_roles,8,rolconnlimit,integer
pg_roles,9,rolpassword,text
pg_roles,10,rolvaliduntil,timestamp with time zone
pg_roles,11,rolbypassrls,boolean
pg_roles,12,rolconfig,ARRAY
pg_roles,13,oid,oid
pg_shadow,1,usename,name
pg_shadow,2,usesysid,oid
pg_shadow,3,usecreatedb,boolean
pg_shadow,4,usesuper,boolean
pg_shadow,5,userepl,boolean
pg_shadow,6,usebypassrls,boolean
pg_shadow,7,passwd,text
pg_shadow,8,valuntil,abstime
pg_shadow,9,useconfig,ARRAY
pg_group,1,groname,name
pg_group,2,grosysid,oid
pg_group,3,grolist,ARRAY
pg_user,1,usename,name
pg_user,2,usesysid,oid
pg_user,3,usecreatedb,boolean
pg_user,4,usesuper,boolean
pg_user,5,userepl,boolean
pg_user,6,usebypassrls,boolean
pg_user,7,passwd,text
pg_user,8,valuntil,abstime
pg_user,9,useconfig,ARRAY
pg_policies,1,schemaname,name
pg_policies,2,tablename,name
pg_policies,3,policyname,name
pg_policies,4,roles,ARRAY
pg_policies,5,cmd,text
pg_policies,6,qual,text
pg_policies,7,with_check,text
pg_rules,1,schemaname,name
pg_rules,2,tablename,name
pg_rules,3,rulename,name
pg_rules,4,definition,text
pg_views,1,schemaname,name
pg_views,2,viewname,name
pg_views,3,viewowner,name
pg_views,4,definition,text
pg_tables,1,schemaname,name
pg_tables,2,tablename,name
pg_tables,3,tableowner,name
pg_tables,4,tablespace,name
pg_tables,5,hasindexes,boolean
pg_tables,6,hasrules,boolean
pg_tables,7,hastriggers,boolean
pg_tables,8,rowsecurity,boolean
pg_matviews,1,schemaname,name
pg_matviews,2,matviewname,name
pg_matviews,3,matviewowner,name
pg_matviews,4,tablespace,name
pg_matviews,5,hasindexes,boolean
pg_matviews,6,ispopulated,boolean
pg_matviews,7,definition,text
pg_indexes,1,schemaname,name
pg_indexes,2,tablename,name
pg_indexes,3,indexname,name
pg_indexes,4,tablespace,name
pg_indexes,5,indexdef,text
pg_stats,1,schemaname,name
pg_stats,2,tablename,name
pg_stats,3,attname,name
pg_stats,4,inherited,boolean
pg_stats,5,null_frac,real
pg_stats,6,avg_width,integer
pg_stats,7,n_distinct,real
pg_stats,8,most_common_vals,anyarray
pg_stats,9,most_common_freqs,ARRAY
pg_stats,10,histogram_bounds,anyarray
pg_stats,11,correlation,real
pg_stats,12,most_common_elems,anyarray
pg_stats,13,most_common_elem_freqs,ARRAY
pg_stats,14,elem_count_histogram,ARRAY
pg_locks,1,locktype,text
pg_locks,2,database,oid
pg_locks,3,relation,oid
pg_locks,4,page,integer
pg_locks,5,tuple,smallint
pg_locks,6,virtualxid,text
pg_locks,7,transactionid,xid
pg_locks,8,classid,oid
pg_locks,9,objid,oid
pg_locks,10,objsubid,smallint
pg_locks,11,virtualtransaction,text
pg_locks,12,pid,integer
pg_locks,13,mode,text
pg_locks,14,granted,boolean
pg_locks,15,fastpath,boolean
pg_cursors,1,name,text
pg_cursors,2,statement,text
pg_cursors,3,is_holdable,boolean
pg_cursors,4,is_binary,boolean
pg_cursors,5,is_scrollable,boolean
pg_cursors,6,creation_time,timestamp with time zone
pg_available_extensions,1,name,name
pg_available_extensions,2,default_version,text
pg_available_extensions,3,installed_version,text
pg_available_extensions,4,comment,text
pg_available_extension_versions,1,name,name
pg_available_extension_versions,2,version,text
pg_available_extension_versions,3,installed,boolean
pg_available_extension_versions,4,superuser,boolean
pg_available_extension_versions,5,relocatable,boolean
pg_available_extension_versions,6,schema,name
pg_available_extension_versions,7,requires,ARRAY
pg_available_extension_versions,8,comment,text
pg_prepared_xacts,1,transaction,xid
pg_prepared_xacts,2,gid,text
pg_prepared_xacts,3,prepared,timestamp with time zone
pg_prepared_xacts,4,owner,name
pg_prepared_xacts,5,database,name
pg_prepared_statements,1,name,text
pg_prepared_statements,2,statement,text
pg_prepared_statements,3,prepare_time,timestamp with time zone
pg_prepared_statements,4,parameter_types,ARRAY
pg_prepared_statements,5,from_sql,boolean
pg_seclabels,1,objoid,oid
pg_seclabels,2,classoid,oid
pg_seclabels,3,objsubid,integer
pg_seclabels,4,objtype,text
pg_seclabels,5,objnamespace,oid
pg_seclabels,6,objname,text
pg_seclabels,7,provider,text
pg_seclabels,8,label,text
pg_settings,1,name,text
pg_settings,2,setting,text
pg_settings,3,unit,text
pg_settings,4,category,text
pg_settings,5,short_desc,text
pg_settings,6,extra_desc,text
pg_settings,7,context,text
pg_settings,8,vartype,text
pg_settings,9,source,text
pg_settings,10,min_val,text
pg_settings,11,max_val,text
pg_settings,12,enumvals,ARRAY
pg_settings,13,boot_val,text
pg_settings,14,reset_val,text
pg_settings,15,sourcefile,text
pg_settings,16,sourceline,integer
pg_settings,17,pending_restart,boolean
pg_file_settings,1,sourcefile,text
pg_file_settings,2,sourceline,integer
pg_file_settings,3,seqno,integer
pg_file_settings,4,name,text
pg_file_settings,5,setting,text
pg_file_settings,6,applied,boolean
pg_file_settings,7,error,text
pg_timezone_abbrevs,1,abbrev,text
pg_timezone_abbrevs,2,utc_offset,interval
pg_timezone_abbrevs,3,is_dst,boolean
pg_timezone_names,1,name,text
pg_timezone_names,2,abbrev,text
pg_timezone_names,3,utc_offset,interval
pg_timezone_names,4,is_dst,boolean
pg_stat_all_tables,1,relid,oid
pg_stat_all_tables,2,schemaname,name
pg_stat_all_tables,3,relname,name
pg_stat_all_tables,4,seq_scan,bigint
pg_stat_all_tables,5,seq_tup_read,bigint
pg_stat_all_tables,6,idx_scan,bigint
pg_stat_all_tables,7,idx_tup_fetch,bigint
pg_stat_all_tables,8,n_tup_ins,bigint
pg_stat_all_tables,9,n_tup_upd,bigint
pg_stat_all_tables,10,n_tup_del,bigint
pg_stat_all_tables,11,n_tup_hot_upd,bigint
pg_stat_all_tables,12,n_live_tup,bigint
pg_stat_all_tables,13,n_dead_tup,bigint
pg_stat_all_tables,14,n_mod_since_analyze,bigint
pg_stat_all_tables,15,last_vacuum,timestamp with time zone
pg_stat_all_tables,16,last_autovacuum,timestamp with time zone
pg_stat_all_tables,17,last_analyze,timestamp with time zone
pg_stat_all_tables,18,last_autoanalyze,timestamp with time zone
pg_stat_all_tables,19,vacuum_count,bigint
pg_stat_all_tables,20,autovacuum_count,bigint
pg_stat_all_tables,21,analyze_count,bigint
pg_stat_all_tables,22,autoanalyze_count,bigint
pg_stat_xact_all_tables,1,relid,oid
pg_stat_xact_all_tables,2,schemaname,name
pg_stat_xact_all_tables,3,relname,name
pg_stat_xact_all_tables,4,seq_scan,bigint
pg_stat_xact_all_tables,5,seq_tup_read,bigint
pg_stat_xact_all_tables,6,idx_scan,bigint
pg_stat_xact_all_tables,7,idx_tup_fetch,bigint
pg_stat_xact_all_tables,8,n_tup_ins,bigint
pg_stat_xact_all_tables,9,n_tup_upd,bigint
pg_stat_xact_all_tables,10,n_tup_del,bigint
pg_stat_xact_all_tables,11,n_tup_hot_upd,bigint
pg_stat_sys_tables,1,relid,oid
pg_stat_sys_tables,2,schemaname,name
pg_stat_sys_tables,3,relname,name
pg_stat_sys_tables,4,seq_scan,bigint
pg_stat_sys_tables,5,seq_tup_read,bigint
pg_stat_sys_tables,6,idx_scan,bigint
pg_stat_sys_tables,7,idx_tup_fetch,bigint
pg_stat_sys_tables,8,n_tup_ins,bigint
pg_stat_sys_tables,9,n_tup_upd,bigint
pg_stat_sys_tables,10,n_tup_del,bigint
pg_stat_sys_tables,11,n_tup_hot_upd,bigint
pg_stat_sys_tables,12,n_live_tup,bigint
pg_stat_sys_tables,13,n_dead_tup,bigint
pg_stat_sys_tables,14,n_mod_since_analyze,bigint
pg_stat_sys_tables,15,last_vacuum,timestamp with time zone
pg_stat_sys_tables,16,last_autovacuum,timestamp with time zone
pg_stat_sys_tables,17,last_analyze,timestamp with time zone
pg_stat_sys_tables,18,last_autoanalyze,timestamp with time zone
pg_stat_sys_tables,19,vacuum_count,bigint
pg_stat_sys_tables,20,autovacuum_count,bigint
pg_stat_sys_tables,21,analyze_count,bigint
pg_stat_sys_tables,22,autoanalyze_count,bigint
pg_stat_xact_sys_tables,1,relid,oid
pg_stat_xact_sys_tables,2,schemaname,name
pg_stat_xact_sys_tables,3,relname,name
pg_stat_xact_sys_tables,4,seq_scan,bigint
pg_stat_xact_sys_tables,5,seq_tup_read,bigint
pg_stat_xact_sys_tables,6,idx_scan,bigint
pg_stat_xact_sys_tables,7,idx_tup_fetch,bigint
pg_stat_xact_sys_tables,8,n_tup_ins,bigint
pg_stat_xact_sys_tables,9,n_tup_upd,bigint
pg_stat_xact_sys_tables,10,n_tup_del,bigint
pg_stat_xact_sys_tables,11,n_tup_hot_upd,bigint
pg_stat_user_tables,1,relid,oid
pg_stat_user_tables,2,schemaname,name
pg_stat_user_tables,3,relname,name
pg_stat_user_tables,4,seq_scan,bigint
pg_stat_user_tables,5,seq_tup_read,bigint
pg_stat_user_tables,6,idx_scan,bigint
pg_stat_user_tables,7,idx_tup_fetch,bigint
pg_stat_user_tables,8,n_tup_ins,bigint
pg_stat_user_tables,9,n_tup_upd,bigint
pg_stat_user_tables,10,n_tup_del,bigint
pg_stat_user_tables,11,n_tup_hot_upd,bigint
pg_stat_user_tables,12,n_live_tup,bigint
pg_stat_user_tables,13,n_dead_tup,bigint
pg_stat_user_tables,14,n_mod_since_analyze,bigint
pg_stat_user_tables,15,last_vacuum,timestamp with time zone
pg_stat_user_tables,16,last_autovacuum,timestamp with time zone
pg_stat_user_tables,17,last_analyze,timestamp with time zone
pg_stat_user_tables,18,last_autoanalyze,timestamp with time zone
pg_stat_user_tables,19,vacuum_count,bigint
pg_stat_user_tables,20,autovacuum_count,bigint
pg_stat_user_tables,21,analyze_count,bigint
pg_stat_user_tables,22,autoanalyze_count,bigint
pg_stat_xact_user_tables,1,relid,oid
pg_stat_xact_user_tables,2,schemaname,name
pg_stat_xact_user_tables,3,relname,name
pg_stat_xact_user_tables,4,seq_scan,bigint
pg_stat_xact_user_tables,5,seq_tup_read,bigint
pg_stat_xact_user_tables,6,idx_scan,bigint
pg_stat_xact_user_tables,7,idx_tup_fetch,bigint
pg_stat_xact_user_tables,8,n_tup_ins,bigint
pg_stat_xact_user_tables,9,n_tup_upd,bigint
pg_stat_xact_user_tables,10,n_tup_del,bigint
pg_stat_xact_user_tables,11,n_tup_hot_upd,bigint
pg_statio_all_tables,1,relid,oid
pg_statio_all_tables,2,schemaname,name
pg_statio_all_tables,3,relname,name
pg_statio_all_tables,4,heap_blks_read,bigint
pg_statio_all_tables,5,heap_blks_hit,bigint
pg_statio_all_tables,6,idx_blks_read,bigint
pg_statio_all_tables,7,idx_blks_hit,bigint
pg_statio_all_tables,8,toast_blks_read,bigint
pg_statio_all_tables,9,toast_blks_hit,bigint
pg_statio_all_tables,10,tidx_blks_read,bigint
pg_statio_all_tables,11,tidx_blks_hit,bigint
pg_statio_sys_tables,1,relid,oid
pg_statio_sys_tables,2,schemaname,name
pg_statio_sys_tables,3,relname,name
pg_statio_sys_tables,4,heap_blks_read,bigint
pg_statio_sys_tables,5,heap_blks_hit,bigint
pg_statio_sys_tables,6,idx_blks_read,bigint
pg_statio_sys_tables,7,idx_blks_hit,bigint
pg_statio_sys_tables,8,toast_blks_read,bigint
pg_statio_sys_tables,9,toast_blks_hit,bigint
pg_statio_sys_tables,10,tidx_blks_read,bigint
pg_statio_sys_tables,11,tidx_blks_hit,bigint
pg_statio_user_tables,1,relid,oid
pg_statio_user_tables,2,schemaname,name
pg_statio_user_tables,3,relname,name
pg_statio_user_tables,4,heap_blks_read,bigint
pg_statio_user_tables,5,heap_blks_hit,bigint
pg_statio_user_tables,6,idx_blks_read,bigint
pg_statio_user_tables,7,idx_blks_hit,bigint
pg_statio_user_tables,8,toast_blks_read,bigint
pg_statio_user_tables,9,toast_blks_hit,bigint
pg_statio_user_tables,10,tidx_blks_read,bigint
pg_statio_user_tables,11,tidx_blks_hit,bigint
pg_stat_all_indexes,1,relid,oid
pg_stat_all_indexes,2,indexrelid,oid
pg_stat_all_indexes,3,schemaname,name
pg_stat_all_indexes,4,relname,name
pg_stat_all_indexes,5,indexrelname,name
pg_stat_all_indexes,6,idx_scan,bigint
pg_stat_all_indexes,7,idx_tup_read,bigint
pg_stat_all_indexes,8,idx_tup_fetch,bigint
pg_stat_sys_indexes,1,relid,oid
pg_stat_sys_indexes,2,indexrelid,oid
pg_stat_sys_indexes,3,schemaname,name
pg_stat_sys_indexes,4,relname,name
pg_stat_sys_indexes,5,indexrelname,name
pg_stat_sys_indexes,6,idx_scan,bigint
pg_stat_sys_indexes,7,idx_tup_read,bigint
pg_stat_sys_indexes,8,idx_tup_fetch,bigint
pg_stat_user_indexes,1,relid,oid
pg_stat_user_indexes,2,indexrelid,oid
pg_stat_user_indexes,3,schemaname,name
pg_stat_user_indexes,4,relname,name
pg_stat_user_indexes,5,indexrelname,name
pg_stat_user_indexes,6,idx_scan,bigint
pg_stat_user_indexes,7,idx_tup_read,bigint
pg_stat_user_indexes,8,idx_tup_fetch,bigint
pg_statio_all_indexes,1,relid,oid
pg_statio_all_indexes,2,indexrelid,oid
pg_statio_all_indexes,3,schemaname,name
pg_statio_all_indexes,4,relname,name
pg_statio_all_indexes,5,indexrelname,name
pg_statio_all_indexes,6,idx_blks_read,bigint
pg_statio_all_indexes,7,idx_blks_hit,bigint
pg_statio_sys_indexes,1,relid,oid
pg_statio_sys_indexes,2,indexrelid,oid
pg_statio_sys_indexes,3,schemaname,name
pg_statio_sys_indexes,4,relname,name
pg_statio_sys_indexes,5,indexrelname,name
pg_statio_sys_indexes,6,idx_blks_read,bigint
pg_statio_sys_indexes,7,idx_blks_hit,bigint
pg_statio_user_indexes,1,relid,oid
pg_statio_user_indexes,2,indexrelid,oid
pg_statio_user_indexes,3,schemaname,name
pg_statio_user_indexes,4,relname,name
pg_statio_user_indexes,5,indexrelname,name
pg_statio_user_indexes,6,idx_blks_read,bigint
pg_statio_user_indexes,7,idx_blks_hit,bigint
pg_statio_all_sequences,1,relid,oid
pg_statio_all_sequences,2,schemaname,name
pg_statio_all_sequences,3,relname,name
pg_statio_all_sequences,4,blks_read,bigint
pg_statio_all_sequences,5,blks_hit,bigint
pg_statio_sys_sequences,1,relid,oid
pg_statio_sys_sequences,2,schemaname,name
pg_statio_sys_sequences,3,relname,name
pg_statio_sys_sequences,4,blks_read,bigint
pg_statio_sys_sequences,5,blks_hit,bigint
pg_statio_user_sequences,1,relid,oid
pg_statio_user_sequences,2,schemaname,name
pg_statio_user_sequences,3,relname,name
pg_statio_user_sequences,4,blks_read,bigint
pg_statio_user_sequences,5,blks_hit,bigint
pg_stat_activity,1,datid,oid
pg_stat_activity,2,datname,name
pg_stat_activity,3,pid,integer
pg_stat_activity,4,usesysid,oid
pg_stat_activity,5,usename,name
pg_stat_activity,6,application_name,text
pg_stat_activity,7,client_addr,inet
pg_stat_activity,8,client_hostname,text
pg_stat_activity,9,client_port,integer
pg_stat_activity,10,backend_start,timestamp with time zone
pg_stat_activity,11,xact_start,timestamp with time zone
pg_stat_activity,12,query_start,timestamp with time zone
pg_stat_activity,13,state_change,timestamp with time zone
pg_stat_activity,14,waiting,boolean
pg_stat_activity,15,state,text
pg_stat_activity,16,backend_xid,xid
pg_stat_activity,17,backend_xmin,xid
pg_stat_activity,18,query,text
pg_stat_replication,1,pid,integer
pg_stat_replication,2,usesysid,oid
pg_stat_replication,3,usename,name
pg_stat_replication,4,application_name,text
pg_stat_replication,5,client_addr,inet
pg_stat_replication,6,client_hostname,text
pg_stat_replication,7,client_port,integer
pg_stat_replication,8,backend_start,timestamp with time zone
pg_stat_replication,9,backend_xmin,xid
pg_stat_replication,10,state,text
pg_stat_replication,11,sent_location,pg_lsn
pg_stat_replication,12,write_location,pg_lsn
pg_stat_replication,13,flush_location,pg_lsn
pg_stat_replication,14,replay_location,pg_lsn
pg_stat_replication,15,sync_priority,integer
pg_stat_replication,16,sync_state,text
pg_stat_ssl,1,pid,integer
pg_stat_ssl,2,ssl,boolean
pg_stat_ssl,3,version,text
pg_stat_ssl,4,cipher,text
pg_stat_ssl,5,bits,integer
pg_stat_ssl,6,compression,boolean
pg_stat_ssl,7,clientdn,text
pg_replication_slots,1,slot_name,name
pg_replication_slots,2,plugin,name
pg_replication_slots,3,slot_type,text
pg_replication_slots,4,datoid,oid
pg_replication_slots,5,database,name
pg_replication_slots,6,active,boolean
pg_replication_slots,7,active_pid,integer
pg_replication_slots,8,xmin,xid
pg_replication_slots,9,catalog_xmin,xid
pg_replication_slots,10,restart_lsn,pg_lsn
pg_stat_database,1,datid,oid
pg_stat_database,2,datname,name
pg_stat_database,3,numbackends,integer
pg_stat_database,4,xact_commit,bigint
pg_stat_database,5,xact_rollback,bigint
pg_stat_database,6,blks_read,bigint
pg_stat_database,7,blks_hit,bigint
pg_stat_database,8,tup_returned,bigint
pg_stat_database,9,tup_fetched,bigint
pg_stat_database,10,tup_inserted,bigint
pg_stat_database,11,tup_updated,bigint
pg_stat_database,12,tup_deleted,bigint
pg_stat_database,13,conflicts,bigint
pg_stat_database,14,temp_files,bigint
pg_stat_database,15,temp_bytes,bigint
pg_stat_database,16,deadlocks,bigint
pg_stat_database,17,blk_read_time,double precision
pg_stat_database,18,blk_write_time,double precision
pg_stat_database,19,stats_reset,timestamp with time zone
pg_stat_database_conflicts,1,datid,oid
pg_stat_database_conflicts,2,datname,name
pg_stat_database_conflicts,3,confl_tablespace,bigint
pg_stat_database_conflicts,4,confl_lock,bigint
pg_stat_database_conflicts,5,confl_snapshot,bigint
pg_stat_database_conflicts,6,confl_bufferpin,bigint
pg_stat_database_conflicts,7,confl_deadlock,bigint
pg_stat_user_functions,1,funcid,oid
pg_stat_user_functions,2,schemaname,name
pg_stat_user_functions,3,funcname,name
pg_stat_user_functions,4,calls,bigint
pg_stat_user_functions,5,total_time,double precision
pg_stat_user_functions,6,self_time,double precision
pg_stat_xact_user_functions,1,funcid,oid
pg_stat_xact_user_functions,2,schemaname,name
pg_stat_xact_user_functions,3,funcname,name
pg_stat_xact_user_functions,4,calls,bigint
pg_stat_xact_user_functions,5,total_time,double precision
pg_stat_xact_user_functions,6,self_time,double precision
pg_stat_archiver,1,archived_count,bigint
pg_stat_archiver,2,last_archived_wal,text
pg_stat_archiver,3,last_archived_time,timestamp with time zone
pg_stat_archiver,4,failed_count,bigint
pg_stat_archiver,5,last_failed_wal,text
pg_stat_archiver,6,last_failed_time,timestamp with time zone
pg_stat_archiver,7,stats_reset,timestamp with time zone
pg_stat_bgwriter,1,checkpoints_timed,bigint
pg_stat_bgwriter,2,checkpoints_req,bigint
pg_stat_bgwriter,3,checkpoint_write_time,double precision
pg_stat_bgwriter,4,checkpoint_sync_time,double precision
pg_stat_bgwriter,5,buffers_checkpoint,bigint
pg_stat_bgwriter,6,buffers_clean,bigint
pg_stat_bgwriter,7,maxwritten_clean,bigint
pg_stat_bgwriter,8,buffers_backend,bigint
pg_stat_bgwriter,9,buffers_backend_fsync,bigint
pg_stat_bgwriter,10,buffers_alloc,bigint
pg_stat_bgwriter,11,stats_reset,timestamp with time zone
pg_user_mappings,1,umid,oid
pg_user_mappings,2,srvid,oid
pg_user_mappings,3,srvname,name
pg_user_mappings,4,umuser,oid
pg_user_mappings,5,usename,name
pg_user_mappings,6,umoptions,ARRAY
pg_replication_origin_status,1,local_id,oid
pg_replication_origin_status,2,external_id,text
pg_replication_origin_status,3,remote_lsn,pg_lsn
pg_replication_origin_status,4,local_lsn,pg_lsn
aka_name,1,id,integer
aka_name,2,person_id,integer
aka_name,3,name,text
aka_name,4,imdb_index,character varying
aka_name,5,name_pcode_cf,character varying
aka_name,6,name_pcode_nf,character varying
aka_name,7,surname_pcode,character varying
aka_name,8,md5sum,character varying
aka_title,1,id,integer
aka_title,2,movie_id,integer
aka_title,3,title,text
aka_title,4,imdb_index,character varying
aka_title,5,kind_id,integer
aka_title,6,production_year,integer
aka_title,7,phonetic_code,character varying
aka_title,8,episode_of_id,integer
aka_title,9,season_nr,integer
aka_title,10,episode_nr,integer
aka_title,11,note,text
aka_title,12,md5sum,character varying
information_schema_catalog_name,1,catalog_name,character varying
applicable_roles,1,grantee,character varying
applicable_roles,2,role_name,character varying
applicable_roles,3,is_grantable,character varying
administrable_role_authorizations,1,grantee,character varying
administrable_role_authorizations,2,role_name,character varying
administrable_role_authorizations,3,is_grantable,character varying
attributes,1,udt_catalog,character varying
attributes,2,udt_schema,character varying
attributes,3,udt_name,character varying
attributes,4,attribute_name,character varying
attributes,5,ordinal_position,integer
attributes,6,attribute_default,character varying
attributes,7,is_nullable,character varying
attributes,8,data_type,character varying
attributes,9,character_maximum_length,integer
attributes,10,character_octet_length,integer
attributes,11,character_set_catalog,character varying
attributes,12,character_set_schema,character varying
attributes,13,character_set_name,character varying
attributes,14,collation_catalog,character varying
attributes,15,collation_schema,character varying
attributes,16,collation_name,character varying
attributes,17,numeric_precision,integer
attributes,18,numeric_precision_radix,integer
attributes,19,numeric_scale,integer
attributes,20,datetime_precision,integer
attributes,21,interval_type,character varying
attributes,22,interval_precision,integer
attributes,23,attribute_udt_catalog,character varying
attributes,24,attribute_udt_schema,character varying
attributes,25,attribute_udt_name,character varying
attributes,26,scope_catalog,character varying
attributes,27,scope_schema,character varying
attributes,28,scope_name,character varying
attributes,29,maximum_cardinality,integer
attributes,30,dtd_identifier,character varying
attributes,31,is_derived_reference_attribute,character varying
character_sets,1,character_set_catalog,character varying
character_sets,2,character_set_schema,character varying
character_sets,3,character_set_name,character varying
character_sets,4,character_repertoire,character varying
character_sets,5,form_of_use,character varying
character_sets,6,default_collate_catalog,character varying
character_sets,7,default_collate_schema,character varying
character_sets,8,default_collate_name,character varying
check_constraint_routine_usage,1,constraint_catalog,character varying
check_constraint_routine_usage,2,constraint_schema,character varying
check_constraint_routine_usage,3,constraint_name,character varying
check_constraint_routine_usage,4,specific_catalog,character varying
check_constraint_routine_usage,5,specific_schema,character varying
check_constraint_routine_usage,6,specific_name,character varying
check_constraints,1,constraint_catalog,character varying
check_constraints,2,constraint_schema,character varying
check_constraints,3,constraint_name,character varying
check_constraints,4,check_clause,character varying
collations,1,collation_catalog,character varying
collations,2,collation_schema,character varying
collations,3,collation_name,character varying
collations,4,pad_attribute,character varying
collation_character_set_applicability,1,collation_catalog,character varying
collation_character_set_applicability,2,collation_schema,character varying
collation_character_set_applicability,3,collation_name,character varying
collation_character_set_applicability,4,character_set_catalog,character varying
collation_character_set_applicability,5,character_set_schema,character varying
collation_character_set_applicability,6,character_set_name,character varying
column_domain_usage,1,domain_catalog,character varying
column_domain_usage,2,domain_schema,character varying
column_domain_usage,3,domain_name,character varying
column_domain_usage,4,table_catalog,character varying
column_domain_usage,5,table_schema,character varying
column_domain_usage,6,table_name,character varying
column_domain_usage,7,column_name,character varying
column_privileges,1,grantor,character varying
column_privileges,2,grantee,character varying
column_privileges,3,table_catalog,character varying
column_privileges,4,table_schema,character varying
column_privileges,5,table_name,character varying
column_privileges,6,column_name,character varying
column_privileges,7,privilege_type,character varying
column_privileges,8,is_grantable,character varying
column_udt_usage,1,udt_catalog,character varying
column_udt_usage,2,udt_schema,character varying
column_udt_usage,3,udt_name,character varying
column_udt_usage,4,table_catalog,character varying
column_udt_usage,5,table_schema,character varying
column_udt_usage,6,table_name,character varying
column_udt_usage,7,column_name,character varying
columns,1,table_catalog,character varying
columns,2,table_schema,character varying
columns,3,table_name,character varying
columns,4,column_name,character varying
columns,5,ordinal_position,integer
columns,6,column_default,character varying
columns,7,is_nullable,character varying
columns,8,data_type,character varying
columns,9,character_maximum_length,integer
columns,10,character_octet_length,integer
columns,11,numeric_precision,integer
columns,12,numeric_precision_radix,integer
columns,13,numeric_scale,integer
columns,14,datetime_precision,integer
columns,15,interval_type,character varying
columns,16,interval_precision,integer
columns,17,character_set_catalog,character varying
columns,18,character_set_schema,character varying
columns,19,character_set_name,character varying
columns,20,collation_catalog,character varying
columns,21,collation_schema,character varying
columns,22,collation_name,character varying
columns,23,domain_catalog,character varying
columns,24,domain_schema,character varying
columns,25,domain_name,character varying
columns,26,udt_catalog,character varying
columns,27,udt_schema,character varying
columns,28,udt_name,character varying
columns,29,scope_catalog,character varying
columns,30,scope_schema,character varying
columns,31,scope_name,character varying
columns,32,maximum_cardinality,integer
columns,33,dtd_identifier,character varying
columns,34,is_self_referencing,character varying
columns,35,is_identity,character varying
columns,36,identity_generation,character varying
columns,37,identity_start,character varying
columns,38,identity_increment,character varying
columns,39,identity_maximum,character varying
columns,40,identity_minimum,character varying
columns,41,identity_cycle,character varying
columns,42,is_generated,character varying
columns,43,generation_expression,character varying
columns,44,is_updatable,character varying
constraint_column_usage,1,table_catalog,character varying
constraint_column_usage,2,table_schema,character varying
constraint_column_usage,3,table_name,character varying
constraint_column_usage,4,column_name,character varying
constraint_column_usage,5,constraint_catalog,character varying
constraint_column_usage,6,constraint_schema,character varying
constraint_column_usage,7,constraint_name,character varying
constraint_table_usage,1,table_catalog,character varying
constraint_table_usage,2,table_schema,character varying
constraint_table_usage,3,table_name,character varying
constraint_table_usage,4,constraint_catalog,character varying
constraint_table_usage,5,constraint_schema,character varying
constraint_table_usage,6,constraint_name,character varying
domain_constraints,1,constraint_catalog,character varying
domain_constraints,2,constraint_schema,character varying
domain_constraints,3,constraint_name,character varying
domain_constraints,4,domain_catalog,character varying
domain_constraints,5,domain_schema,character varying
domain_constraints,6,domain_name,character varying
domain_constraints,7,is_deferrable,character varying
domain_constraints,8,initially_deferred,character varying
domain_udt_usage,1,udt_catalog,character varying
domain_udt_usage,2,udt_schema,character varying
domain_udt_usage,3,udt_name,character varying
domain_udt_usage,4,domain_catalog,character varying
domain_udt_usage,5,domain_schema,character varying
domain_udt_usage,6,domain_name,character varying
domains,1,domain_catalog,character varying
domains,2,domain_schema,character varying
domains,3,domain_name,character varying
domains,4,data_type,character varying
domains,5,character_maximum_length,integer
domains,6,character_octet_length,integer
domains,7,character_set_catalog,character varying
domains,8,character_set_schema,character varying
domains,9,character_set_name,character varying
domains,10,collation_catalog,character varying
domains,11,collation_schema,character varying
domains,12,collation_name,character varying
domains,13,numeric_precision,integer
domains,14,numeric_precision_radix,integer
domains,15,numeric_scale,integer
domains,16,datetime_precision,integer
domains,17,interval_type,character varying
domains,18,interval_precision,integer
domains,19,domain_default,character varying
domains,20,udt_catalog,character varying
domains,21,udt_schema,character varying
domains,22,udt_name,character varying
domains,23,scope_catalog,character varying
domains,24,scope_schema,character varying
domains,25,scope_name,character varying
domains,26,maximum_cardinality,integer
domains,27,dtd_identifier,character varying
enabled_roles,1,role_name,character varying
key_column_usage,1,constraint_catalog,character varying
key_column_usage,2,constraint_schema,character varying
key_column_usage,3,constraint_name,character varying
key_column_usage,4,table_catalog,character varying
key_column_usage,5,table_schema,character varying
key_column_usage,6,table_name,character varying
key_column_usage,7,column_name,character varying
key_column_usage,8,ordinal_position,integer
key_column_usage,9,position_in_unique_constraint,integer
parameters,1,specific_catalog,character varying
parameters,2,specific_schema,character varying
parameters,3,specific_name,character varying
parameters,4,ordinal_position,integer
parameters,5,parameter_mode,character varying
parameters,6,is_result,character varying
parameters,7,as_locator,character varying
parameters,8,parameter_name,character varying
parameters,9,data_type,character varying
parameters,10,character_maximum_length,integer
parameters,11,character_octet_length,integer
parameters,12,character_set_catalog,character varying
parameters,13,character_set_schema,character varying
parameters,14,character_set_name,character varying
parameters,15,collation_catalog,character varying
parameters,16,collation_schema,character varying
parameters,17,collation_name,character varying
parameters,18,numeric_precision,integer
parameters,19,numeric_precision_radix,integer
parameters,20,numeric_scale,integer
parameters,21,datetime_precision,integer
parameters,22,interval_type,character varying
parameters,23,interval_precision,integer
parameters,24,udt_catalog,character varying
parameters,25,udt_schema,character varying
parameters,26,udt_name,character varying
parameters,27,scope_catalog,character varying
parameters,28,scope_schema,character varying
parameters,29,scope_name,character varying
parameters,30,maximum_cardinality,integer
parameters,31,dtd_identifier,character varying
parameters,32,parameter_default,character varying
referential_constraints,1,constraint_catalog,character varying
referential_constraints,2,constraint_schema,character varying
referential_constraints,3,constraint_name,character varying
referential_constraints,4,unique_constraint_catalog,character varying
referential_constraints,5,unique_constraint_schema,character varying
referential_constraints,6,unique_constraint_name,character varying
referential_constraints,7,match_option,character varying
referential_constraints,8,update_rule,character varying
referential_constraints,9,delete_rule,character varying
role_column_grants,1,grantor,character varying
role_column_grants,2,grantee,character varying
role_column_grants,3,table_catalog,character varying
role_column_grants,4,table_schema,character varying
role_column_grants,5,table_name,character varying
role_column_grants,6,column_name,character varying
role_column_grants,7,privilege_type,character varying
role_column_grants,8,is_grantable,character varying
routine_privileges,1,grantor,character varying
routine_privileges,2,grantee,character varying
routine_privileges,3,specific_catalog,character varying
routine_privileges,4,specific_schema,character varying
routine_privileges,5,specific_name,character varying
routine_privileges,6,routine_catalog,character varying
routine_privileges,7,routine_schema,character varying
routine_privileges,8,routine_name,character varying
routine_privileges,9,privilege_type,character varying
routine_privileges,10,is_grantable,character varying
role_routine_grants,1,grantor,character varying
role_routine_grants,2,grantee,character varying
role_routine_grants,3,specific_catalog,character varying
role_routine_grants,4,specific_schema,character varying
role_routine_grants,5,specific_name,character varying
role_routine_grants,6,routine_catalog,character varying
role_routine_grants,7,routine_schema,character varying
role_routine_grants,8,routine_name,character varying
role_routine_grants,9,privilege_type,character varying
role_routine_grants,10,is_grantable,character varying
routines,1,specific_catalog,character varying
routines,2,specific_schema,character varying
routines,3,specific_name,character varying
routines,4,routine_catalog,character varying
routines,5,routine_schema,character varying
routines,6,routine_name,character varying
routines,7,routine_type,character varying
routines,8,module_catalog,character varying
routines,9,module_schema,character varying
routines,10,module_name,character varying
routines,11,udt_catalog,character varying
routines,12,udt_schema,character varying
routines,13,udt_name,character varying
routines,14,data_type,character varying
routines,15,character_maximum_length,integer
routines,16,character_octet_length,integer
routines,17,character_set_catalog,character varying
routines,18,character_set_schema,character varying
routines,19,character_set_name,character varying
routines,20,collation_catalog,character varying
routines,21,collation_schema,character varying
routines,22,collation_name,character varying
routines,23,numeric_precision,integer
routines,24,numeric_precision_radix,integer
routines,25,numeric_scale,integer
routines,26,datetime_precision,integer
routines,27,interval_type,character varying
routines,28,interval_precision,integer
routines,29,type_udt_catalog,character varying
routines,30,type_udt_schema,character varying
routines,31,type_udt_name,character varying
routines,32,scope_catalog,character varying
routines,33,scope_schema,character varying
routines,34,scope_name,character varying
routines,35,maximum_cardinality,integer
routines,36,dtd_identifier,character varying
routines,37,routine_body,character varying
routines,38,routine_definition,character varying
routines,39,external_name,character varying
routines,40,external_language,character varying
routines,41,parameter_style,character varying
routines,42,is_deterministic,character varying
routines,43,sql_data_access,character varying
routines,44,is_null_call,character varying
routines,45,sql_path,character varying
routines,46,schema_level_routine,character varying
routines,47,max_dynamic_result_sets,integer
routines,48,is_user_defined_cast,character varying
routines,49,is_implicitly_invocable,character varying
routines,50,security_type,character varying
routines,51,to_sql_specific_catalog,character varying
routines,52,to_sql_specific_schema,character varying
routines,53,to_sql_specific_name,character varying
routines,54,as_locator,character varying
routines,55,created,timestamp with time zone
routines,56,last_altered,timestamp with time zone
routines,57,new_savepoint_level,character varying
routines,58,is_udt_dependent,character varying
routines,59,result_cast_from_data_type,character varying
routines,60,result_cast_as_locator,character varying
routines,61,result_cast_char_max_length,integer
routines,62,result_cast_char_octet_length,integer
routines,63,result_cast_char_set_catalog,character varying
routines,64,result_cast_char_set_schema,character varying
routines,65,result_cast_character_set_name,character varying
routines,66,result_cast_collation_catalog,character varying
routines,67,result_cast_collation_schema,character varying
routines,68,result_cast_collation_name,character varying
routines,69,result_cast_numeric_precision,integer
routines,70,result_cast_numeric_precision_radix,integer
routines,71,result_cast_numeric_scale,integer
routines,72,result_cast_datetime_precision,integer
routines,73,result_cast_interval_type,character varying
routines,74,result_cast_interval_precision,integer
routines,75,result_cast_type_udt_catalog,character varying
routines,76,result_cast_type_udt_schema,character varying
routines,77,result_cast_type_udt_name,character varying
routines,78,result_cast_scope_catalog,character varying
routines,79,result_cast_scope_schema,character varying
routines,80,result_cast_scope_name,character varying
routines,81,result_cast_maximum_cardinality,integer
routines,82,result_cast_dtd_identifier,character varying
schemata,1,catalog_name,character varying
schemata,2,schema_name,character varying
schemata,3,schema_owner,character varying
schemata,4,default_character_set_catalog,character varying
schemata,5,default_character_set_schema,character varying
schemata,6,default_character_set_name,character varying
schemata,7,sql_path,character varying
sequences,1,sequence_catalog,character varying
sequences,2,sequence_schema,character varying
sequences,3,sequence_name,character varying
sequences,4,data_type,character varying
sequences,5,numeric_precision,integer
sequences,6,numeric_precision_radix,integer
sequences,7,numeric_scale,integer
sequences,8,start_value,character varying
sequences,9,minimum_value,character varying
sequences,10,maximum_value,character varying
sequences,11,increment,character varying
sequences,12,cycle_option,character varying
sql_features,1,feature_id,character varying
sql_features,2,feature_name,character varying
sql_features,3,sub_feature_id,character varying
sql_features,4,sub_feature_name,character varying
sql_features,5,is_supported,character varying
sql_features,6,is_verified_by,character varying
sql_features,7,comments,character varying
sql_implementation_info,1,implementation_info_id,character varying
sql_implementation_info,2,implementation_info_name,character varying
sql_implementation_info,3,integer_value,integer
sql_implementation_info,4,character_value,character varying
sql_implementation_info,5,comments,character varying
sql_languages,1,sql_language_source,character varying
sql_languages,2,sql_language_year,character varying
sql_languages,3,sql_language_conformance,character varying
sql_languages,4,sql_language_integrity,character varying
sql_languages,5,sql_language_implementation,character varying
sql_languages,6,sql_language_binding_style,character varying
sql_languages,7,sql_language_programming_language,character varying
sql_packages,1,feature_id,character varying
sql_packages,2,feature_name,character varying
sql_packages,3,is_supported,character varying
sql_packages,4,is_verified_by,character varying
sql_packages,5,comments,character varying
sql_parts,1,feature_id,character varying
sql_parts,2,feature_name,character varying
sql_parts,3,is_supported,character varying
sql_parts,4,is_verified_by,character varying
sql_parts,5,comments,character varying
sql_sizing,1,sizing_id,integer
sql_sizing,2,sizing_name,character varying
sql_sizing,3,supported_value,integer
sql_sizing,4,comments,character varying
sql_sizing_profiles,1,sizing_id,integer
sql_sizing_profiles,2,sizing_name,character varying
sql_sizing_profiles,3,profile_id,character varying
sql_sizing_profiles,4,required_value,integer
sql_sizing_profiles,5,comments,character varying
table_constraints,1,constraint_catalog,character varying
table_constraints,2,constraint_schema,character varying
table_constraints,3,constraint_name,character varying
table_constraints,4,table_catalog,character varying
table_constraints,5,table_schema,character varying
table_constraints,6,table_name,character varying
table_constraints,7,constraint_type,character varying
table_constraints,8,is_deferrable,character varying
table_constraints,9,initially_deferred,character varying
table_privileges,1,grantor,character varying
table_privileges,2,grantee,character varying
table_privileges,3,table_catalog,character varying
table_privileges,4,table_schema,character varying
table_privileges,5,table_name,character varying
table_privileges,6,privilege_type,character varying
table_privileges,7,is_grantable,character varying
table_privileges,8,with_hierarchy,character varying
role_table_grants,1,grantor,character varying
role_table_grants,2,grantee,character varying
role_table_grants,3,table_catalog,character varying
role_table_grants,4,table_schema,character varying
role_table_grants,5,table_name,character varying
role_table_grants,6,privilege_type,character varying
role_table_grants,7,is_grantable,character varying
role_table_grants,8,with_hierarchy,character varying
tables,1,table_catalog,character varying
tables,2,table_schema,character varying
tables,3,table_name,character varying
tables,4,table_type,character varying
tables,5,self_referencing_column_name,character varying
tables,6,reference_generation,character varying
tables,7,user_defined_type_catalog,character varying
tables,8,user_defined_type_schema,character varying
tables,9,user_defined_type_name,character varying
tables,10,is_insertable_into,character varying
tables,11,is_typed,character varying
tables,12,commit_action,character varying
transforms,1,udt_catalog,character varying
transforms,2,udt_schema,character varying
transforms,3,udt_name,character varying
transforms,4,specific_catalog,character varying
transforms,5,specific_schema,character varying
transforms,6,specific_name,character varying
transforms,7,group_name,character varying
transforms,8,transform_type,character varying
triggered_update_columns,1,trigger_catalog,character varying
triggered_update_columns,2,trigger_schema,character varying
triggered_update_columns,3,trigger_name,character varying
triggered_update_columns,4,event_object_catalog,character varying
triggered_update_columns,5,event_object_schema,character varying
triggered_update_columns,6,event_object_table,character varying
triggered_update_columns,7,event_object_column,character varying
triggers,1,trigger_catalog,character varying
triggers,2,trigger_schema,character varying
triggers,3,trigger_name,character varying
triggers,4,event_manipulation,character varying
triggers,5,event_object_catalog,character varying
triggers,6,event_object_schema,character varying
triggers,7,event_object_table,character varying
triggers,8,action_order,integer
triggers,9,action_condition,character varying
triggers,10,action_statement,character varying
triggers,11,action_orientation,character varying
triggers,12,action_timing,character varying
triggers,13,action_reference_old_table,character varying
triggers,14,action_reference_new_table,character varying
triggers,15,action_reference_old_row,character varying
triggers,16,action_reference_new_row,character varying
triggers,17,created,timestamp with time zone
udt_privileges,1,grantor,character varying
udt_privileges,2,grantee,character varying
udt_privileges,3,udt_catalog,character varying
udt_privileges,4,udt_schema,character varying
udt_privileges,5,udt_name,character varying
udt_privileges,6,privilege_type,character varying
udt_privileges,7,is_grantable,character varying
role_udt_grants,1,grantor,character varying
role_udt_grants,2,grantee,character varying
role_udt_grants,3,udt_catalog,character varying
role_udt_grants,4,udt_schema,character varying
role_udt_grants,5,udt_name,character varying
role_udt_grants,6,privilege_type,character varying
role_udt_grants,7,is_grantable,character varying
usage_privileges,1,grantor,character varying
usage_privileges,2,grantee,character varying
usage_privileges,3,object_catalog,character varying
usage_privileges,4,object_schema,character varying
usage_privileges,5,object_name,character varying
usage_privileges,6,object_type,character varying
usage_privileges,7,privilege_type,character varying
usage_privileges,8,is_grantable,character varying
role_usage_grants,1,grantor,character varying
role_usage_grants,2,grantee,character varying
role_usage_grants,3,object_catalog,character varying
role_usage_grants,4,object_schema,character varying
role_usage_grants,5,object_name,character varying
role_usage_grants,6,object_type,character varying
role_usage_grants,7,privilege_type,character varying
role_usage_grants,8,is_grantable,character varying
user_defined_types,1,user_defined_type_catalog,character varying
user_defined_types,2,user_defined_type_schema,character varying
user_defined_types,3,user_defined_type_name,character varying
user_defined_types,4,user_defined_type_category,character varying
user_defined_types,5,is_instantiable,character varying
user_defined_types,6,is_final,character varying
user_defined_types,7,ordering_form,character varying
user_defined_types,8,ordering_category,character varying
user_defined_types,9,ordering_routine_catalog,character varying
user_defined_types,10,ordering_routine_schema,character varying
user_defined_types,11,ordering_routine_name,character varying
user_defined_types,12,reference_type,character varying
user_defined_types,13,data_type,character varying
user_defined_types,14,character_maximum_length,integer
user_defined_types,15,character_octet_length,integer
user_defined_types,16,character_set_catalog,character varying
user_defined_types,17,character_set_schema,character varying
user_defined_types,18,character_set_name,character varying
user_defined_types,19,collation_catalog,character varying
user_defined_types,20,collation_schema,character varying
user_defined_types,21,collation_name,character varying
user_defined_types,22,numeric_precision,integer
user_defined_types,23,numeric_precision_radix,integer
user_defined_types,24,numeric_scale,integer
user_defined_types,25,datetime_precision,integer
user_defined_types,26,interval_type,character varying
user_defined_types,27,interval_precision,integer
user_defined_types,28,source_dtd_identifier,character varying
user_defined_types,29,ref_dtd_identifier,character varying
view_column_usage,1,view_catalog,character varying
view_column_usage,2,view_schema,character varying
view_column_usage,3,view_name,character varying
view_column_usage,4,table_catalog,character varying
view_column_usage,5,table_schema,character varying
view_column_usage,6,table_name,character varying
view_column_usage,7,column_name,character varying
view_routine_usage,1,table_catalog,character varying
view_routine_usage,2,table_schema,character varying
view_routine_usage,3,table_name,character varying
view_routine_usage,4,specific_catalog,character varying
view_routine_usage,5,specific_schema,character varying
view_routine_usage,6,specific_name,character varying
view_table_usage,1,view_catalog,character varying
view_table_usage,2,view_schema,character varying
view_table_usage,3,view_name,character varying
view_table_usage,4,table_catalog,character varying
view_table_usage,5,table_schema,character varying
view_table_usage,6,table_name,character varying
views,1,table_catalog,character varying
views,2,table_schema,character varying
views,3,table_name,character varying
views,4,view_definition,character varying
views,5,check_option,character varying
views,6,is_updatable,character varying
views,7,is_insertable_into,character varying
views,8,is_trigger_updatable,character varying
views,9,is_trigger_deletable,character varying
views,10,is_trigger_insertable_into,character varying
data_type_privileges,1,object_catalog,character varying
data_type_privileges,2,object_schema,character varying
data_type_privileges,3,object_name,character varying
data_type_privileges,4,object_type,character varying
data_type_privileges,5,dtd_identifier,character varying
element_types,1,object_catalog,character varying
element_types,2,object_schema,character varying
element_types,3,object_name,character varying
element_types,4,object_type,character varying
element_types,5,collection_type_identifier,character varying
element_types,6,data_type,character varying
element_types,7,character_maximum_length,integer
element_types,8,character_octet_length,integer
element_types,9,character_set_catalog,character varying
element_types,10,character_set_schema,character varying
element_types,11,character_set_name,character varying
element_types,12,collation_catalog,character varying
element_types,13,collation_schema,character varying
element_types,14,collation_name,character varying
element_types,15,numeric_precision,integer
element_types,16,numeric_precision_radix,integer
element_types,17,numeric_scale,integer
element_types,18,datetime_precision,integer
element_types,19,interval_type,character varying
element_types,20,interval_precision,integer
element_types,21,domain_default,character varying
element_types,22,udt_catalog,character varying
element_types,23,udt_schema,character varying
element_types,24,udt_name,character varying
element_types,25,scope_catalog,character varying
element_types,26,scope_schema,character varying
element_types,27,scope_name,character varying
element_types,28,maximum_cardinality,integer
element_types,29,dtd_identifier,character varying
_pg_foreign_table_columns,1,nspname,name
_pg_foreign_table_columns,2,relname,name
_pg_foreign_table_columns,3,attname,name
_pg_foreign_table_columns,4,attfdwoptions,ARRAY
column_options,1,table_catalog,character varying
column_options,2,table_schema,name
column_options,3,table_name,name
column_options,4,column_name,name
column_options,5,option_name,character varying
column_options,6,option_value,character varying
_pg_foreign_data_wrappers,1,oid,oid
_pg_foreign_data_wrappers,2,fdwowner,oid
_pg_foreign_data_wrappers,3,fdwoptions,ARRAY
_pg_foreign_data_wrappers,4,foreign_data_wrapper_catalog,character varying
_pg_foreign_data_wrappers,5,foreign_data_wrapper_name,character varying
_pg_foreign_data_wrappers,6,authorization_identifier,character varying
_pg_foreign_data_wrappers,7,foreign_data_wrapper_language,character varying
foreign_data_wrapper_options,1,foreign_data_wrapper_catalog,character varying
foreign_data_wrapper_options,2,foreign_data_wrapper_name,character varying
foreign_data_wrapper_options,3,option_name,character varying
foreign_data_wrapper_options,4,option_value,character varying
foreign_data_wrappers,1,foreign_data_wrapper_catalog,character varying
foreign_data_wrappers,2,foreign_data_wrapper_name,character varying
foreign_data_wrappers,3,authorization_identifier,character varying
foreign_data_wrappers,4,library_name,character varying
foreign_data_wrappers,5,foreign_data_wrapper_language,character varying
_pg_foreign_servers,1,oid,oid
_pg_foreign_servers,2,srvoptions,ARRAY
_pg_foreign_servers,3,foreign_server_catalog,character varying
_pg_foreign_servers,4,foreign_server_name,character varying
_pg_foreign_servers,5,foreign_data_wrapper_catalog,character varying
_pg_foreign_servers,6,foreign_data_wrapper_name,character varying
_pg_foreign_servers,7,foreign_server_type,character varying
_pg_foreign_servers,8,foreign_server_version,character varying
_pg_foreign_servers,9,authorization_identifier,character varying
foreign_server_options,1,foreign_server_catalog,character varying
foreign_server_options,2,foreign_server_name,character varying
foreign_server_options,3,option_name,character varying
foreign_server_options,4,option_value,character varying
foreign_servers,1,foreign_server_catalog,character varying
foreign_servers,2,foreign_server_name,character varying
foreign_servers,3,foreign_data_wrapper_catalog,character varying
foreign_servers,4,foreign_data_wrapper_name,character varying
foreign_servers,5,foreign_server_type,character varying
foreign_servers,6,foreign_server_version,character varying
foreign_servers,7,authorization_identifier,character varying
_pg_foreign_tables,1,foreign_table_catalog,character varying
_pg_foreign_tables,2,foreign_table_schema,name
_pg_foreign_tables,3,foreign_table_name,name
_pg_foreign_tables,4,ftoptions,ARRAY
_pg_foreign_tables,5,foreign_server_catalog,character varying
_pg_foreign_tables,6,foreign_server_name,character varying
_pg_foreign_tables,7,authorization_identifier,character varying
foreign_table_options,1,foreign_table_catalog,character varying
foreign_table_options,2,foreign_table_schema,name
foreign_table_options,3,foreign_table_name,name
foreign_table_options,4,option_name,character varying
foreign_table_options,5,option_value,character varying
foreign_tables,1,foreign_table_catalog,character varying
foreign_tables,2,foreign_table_schema,name
foreign_tables,3,foreign_table_name,name
foreign_tables,4,foreign_server_catalog,character varying
foreign_tables,5,foreign_server_name,character varying
_pg_user_mappings,1,oid,oid
_pg_user_mappings,2,umoptions,ARRAY
_pg_user_mappings,3,umuser,oid
_pg_user_mappings,4,authorization_identifier,character varying
_pg_user_mappings,5,foreign_server_catalog,character varying
_pg_user_mappings,6,foreign_server_name,character varying
_pg_user_mappings,7,srvowner,character varying
user_mapping_options,1,authorization_identifier,character varying
user_mapping_options,2,foreign_server_catalog,character varying
user_mapping_options,3,foreign_server_name,character varying
user_mapping_options,4,option_name,character varying
user_mapping_options,5,option_value,character varying
user_mappings,1,authorization_identifier,character varying
user_mappings,2,foreign_server_catalog,character varying
user_mappings,3,foreign_server_name,character varying
cast_info,1,id,integer
cast_info,2,person_id,integer
cast_info,3,movie_id,integer
cast_info,4,person_role_id,integer
cast_info,5,note,text
cast_info,6,nr_order,integer
cast_info,7,role_id,integer
char_name,1,id,integer
char_name,2,name,text
char_name,3,imdb_index,character varying
char_name,4,imdb_id,integer
char_name,5,name_pcode_nf,character varying
char_name,6,surname_pcode,character varying
char_name,7,md5sum,character varying
comp_cast_type,1,id,integer
comp_cast_type,2,kind,character varying
company_name,1,id,integer
company_name,2,name,text
company_name,3,country_code,character varying
company_name,4,imdb_id,integer
company_name,5,name_pcode_nf,character varying
company_name,6,name_pcode_sf,character varying
company_name,7,md5sum,character varying
company_type,1,id,integer
company_type,2,kind,character varying
complete_cast,1,id,integer
complete_cast,2,movie_id,integer
complete_cast,3,subject_id,integer
complete_cast,4,status_id,integer
info_type,1,id,integer
info_type,2,info,character varying
keyword,1,id,integer
keyword,2,keyword,text
keyword,3,phonetic_code,character varying
kind_type,1,id,integer
kind_type,2,kind,character varying
link_type,1,id,integer
link_type,2,link,character varying
movie_companies,1,id,integer
movie_companies,2,movie_id,integer
movie_companies,3,company_id,integer
movie_companies,4,company_type_id,integer
movie_companies,5,note,text
movie_info,1,id,integer
movie_info,2,movie_id,integer
movie_info,3,info_type_id,integer
movie_info,4,info,text
movie_info,5,note,text
movie_info_idx,1,id,integer
movie_info_idx,2,movie_id,integer
movie_info_idx,3,info_type_id,integer
movie_info_idx,4,info,text
movie_info_idx,5,note,text
movie_keyword,1,id,integer
movie_keyword,2,movie_id,integer
movie_keyword,3,keyword_id,integer
movie_link,1,id,integer
movie_link,2,movie_id,integer
movie_link,3,linked_movie_id,integer
movie_link,4,link_type_id,integer
name,1,id,integer
name,2,name,text
name,3,imdb_index,character varying
name,4,imdb_id,integer
name,5,gender,character varying
name,6,name_pcode_cf,character varying
name,7,name_pcode_nf,character varying
name,8,surname_pcode,character varying
name,9,md5sum,character varying
person_info,1,id,integer
person_info,2,person_id,integer
person_info,3,info_type_id,integer
person_info,4,info,text
person_info,5,note,text
role_type,1,id,integer
role_type,2,role,character varying
title,1,id,integer
title,2,title,text
title,3,imdb_index,character varying
title,4,kind_id,integer
title,5,production_year,integer
title,6,imdb_id,integer
title,7,phonetic_code,character varying
title,8,episode_of_id,integer
title,9,season_nr,integer
title,10,episode_nr,integer
title,11,series_years,character varying
title,12,md5sum,character varying
